{"frameRate":24,"isGlobal":0,"armature":[{"ik":[],"type":"Armature","frameRate":24,"skin":[{"slot":[{"display":[{"edges":[0,1,1,2,2,3,3,4,4,5,5,6,6,7,7,8,8,9,9,10,10,11,11,12,12,13,13,14,14,15,15,16,16,17,17,18,18,0],"vertices":[-37.81,-192.17,158.22,-104.94,112.52,-92.46,144.22,-10.08,109.22,-15.25,132.3,36,116.71,40.21,154.16,124.84,147.02,131.91,178.76,200.17,-172.48,250.87,-166.03,210.58,-181.73,213.8,-168.21,127.82,-185.9,119.46,-164.08,-77.49,-129.34,-117.72,-140.22,-123.26,-142.48,-124.96],"uvs":[0.49,0.114,0.856,0.342,0.762,0.354,0.802,0.526,0.734,0.506,0.766,0.614,0.734,0.618,0.786,0.796,0.77,0.808,0.814,0.952,0.1,0.954,0.124,0.876,0.092,0.878,0.144,0.712,0.11,0.69,0.208,0.306,0.288,0.236,0.268,0.222,0.264,0.218],"bonePose":[5,0.5843435001513861,0.8115064225444104,-0.8115064225444104,0.5843435001513861,67.8,47.95,4,-0.5261812161303067,0.850372464154168,-0.850372464154168,-0.5261812161303067,67.8,43,3,-0.12154734640642956,0.9925856348857541,-0.9925856348857541,-0.12154734640642956,-85.99999999999994,-29.80000000000001],"path":"jingling","slotPose":[0.9999999999999997,1.1102230246251565e-16,-1.1102230246251565e-16,0.9999999999999997,38.000000000000014,-6],"weights":[1,4,1,2,5,0.4917183887030244,4,0.5082816112969756,2,5,0.48803198986387436,4,0.5119680101361256,2,5,0.5166813696157407,4,0.4833186303842592,2,5,0.4902261022376444,4,0.5097738977623556,2,5,0.6146116490408451,4,0.38538835095915497,2,5,0.6262080484807541,4,0.37379195151924605,2,5,0.9417232812452085,4,0.0582767187547914,2,5,0.9665820369894763,4,0.033417963010523584,2,5,0.9968736487729916,4,0.0031263512270084557,2,3,0.78,4,0.22,1,4,1,1,4,1,2,5,0.31929390190772233,4,0.6807060980922777,1,4,1,1,4,1,1,4,1,1,4,1,1,4,1],"userEdges":[],"triangles":[2,4,3,0,2,1,6,8,7,8,11,9,11,10,9,4,6,5,6,13,8,13,11,8,16,4,2,0,16,2,16,15,4,15,13,4,4,13,6,18,16,0,14,13,15,18,17,16,12,11,13],"type":"mesh","transform":{"y":-7.3424,"x":-61.1942,"skX":-62.24,"skY":-62.24},"width":500,"height":500,"name":"jingling"}],"name":"jingling"}],"name":""}],"aabb":{"width":500,"y":-215.288285440323,"height":500,"x":-232.59208471385838},"animation":[{"playTimes":0,"frame":[],"slot":[{"colorFrame":[],"name":"jingling","displayFrame":[]}],"duration":40,"name":"walk","bone":[{"rotateFrame":[],"translateFrame":[],"scaleFrame":[],"name":"root"},{"rotateFrame":[],"translateFrame":[],"scaleFrame":[],"name":"jingling"},{"rotateFrame":[],"translateFrame":[],"scaleFrame":[],"name":"jingling1"},{"rotateFrame":[],"translateFrame":[],"scaleFrame":[],"name":"jingling2"},{"rotateFrame":[{"tweenEasing":0,"rotate":-0.7664,"duration":10},{"tweenEasing":0,"rotate":-7.7664,"duration":30},{"rotate":-0.7664,"duration":0}],"translateFrame":[],"scaleFrame":[],"name":"jingling3"},{"rotateFrame":[{"tweenEasing":0,"duration":20},{"tweenEasing":0,"rotate":-14,"duration":10},{"tweenEasing":0,"rotate":2,"duration":10},{"duration":0}],"translateFrame":[],"scaleFrame":[],"name":"jingling4"}],"ffd":[]},{"playTimes":0,"frame":[],"slot":[{"colorFrame":[],"name":"jingling","displayFrame":[]}],"duration":45,"name":"stand","bone":[{"rotateFrame":[],"translateFrame":[],"scaleFrame":[],"name":"root"},{"rotateFrame":[],"translateFrame":[],"scaleFrame":[],"name":"jingling"},{"rotateFrame":[],"translateFrame":[],"scaleFrame":[],"name":"jingling1"},{"rotateFrame":[],"translateFrame":[],"scaleFrame":[],"name":"jingling2"},{"rotateFrame":[{"duration":45}],"translateFrame":[{"tweenEasing":0,"duration":15},{"y":8.9983,"tweenEasing":0,"duration":15},{"y":-6.0017,"tweenEasing":0,"duration":15},{"y":-0.0017,"duration":0}],"scaleFrame":[],"name":"jingling3"},{"rotateFrame":[],"translateFrame":[],"scaleFrame":[],"name":"jingling4"}],"ffd":[]}],"defaultActions":[{"gotoAndPlay":"walk"}],"name":"Armature","bone":[{"name":"root","transform":{}},{"length":143,"transform":{"y":31.4,"x":69.45,"skX":-91.9701,"skY":-91.9701},"parent":"root","name":"jingling"},{"length":157,"transform":{"y":-5.0038,"x":142.5063,"skX":-112.87,"skY":-112.87},"parent":"jingling","name":"jingling1"},{"length":267,"transform":{"y":-6.5983,"x":166.4643,"skX":-56.18,"skY":-56.18},"parent":"jingling1","name":"jingling2"},{"length":188,"transform":{"y":-161.5083,"x":53.5663,"skX":24.7664,"skY":24.7664},"parent":"jingling2","name":"jingling3"},{"length":203,"transform":{"y":-2.6046,"x":4.2093,"skX":-48.5,"skY":-48.5},"parent":"jingling3","name":"jingling4"}],"slot":[{"color":{},"name":"jingling","parent":"jingling4"}]}],"name":"jingling","version":"5.5"}